<?xml version="1.0" encoding="UTF-8" standalone="yes"?>
<addon id="repository.xlordkx" name="XLordKX Repo" version="1.0.0" provider-name="XLordKX">
	<extension point="xbmc.addon.repository" name="XLordKX Repo">
		<info compressed="false">https://raw.githubusercontent.com/jmcnown/master/addons.xml</info>
		<checksum>https://raw.githubusercontent.com/jmcnown/kodi/master/addons.xml.md5</checksum>
		<datadir zip="true">https://raw.githubusercontent.com/jmcnown/master/zip/</datadir>
	</extension>
	<extension point="xbmc.addon.metadata">
		<summary>Some fixed scripts and addons</summary>
		<description>Some fixed scripts and addons</description>
		<disclaimer></disclaimer>
		<platform>all</platform>
	</extension>
</addon>
